[
    {
        "name": "blood",
        "start": "231, 13, 13",
        "end": "34, 90, 68"
    },
    {
        "name": "cherry",
        "start": "240, 197, 197",
        "end": "153, 94, 231"
    },
    {
        "name": "hulky triv",
        "start": "198, 55, 190",
        "end": "34, 237, 80"
    },
    {
        "name": "fucking blue nigger",
        "start": "23, 44, 83",
        "end": "80, 52, 244"
    },
    {
        "name": "fading green nigger",
        "start": "38, 84, 101",
        "end": "47, 214, 92"
    },
    {
        "name": "dark",
        "start": "76, 45, 128",
        "end": "153, 27, 14"
    },
    {
        "name": "elite",
        "start": "205, 18, 198",
        "end": "223, 9, 1"
    },
    {
        "name": "hellfire",
        "start": "124, 18, 128",
        "end": "215, 106, 1"
    },
    {
        "name": "light pink",
        "start": "193, 226, 248",
        "end": "255, 105, 220"
    },
    {
        "name": "lush",
        "start": "139, 108, 71",
        "end": "10, 131, 25"
    },
    {
        "name": "metalic",
        "start": "80, 177, 211",
        "end": "243, 35, 53"
    },
    {
        "name": "nano",
        "start": "250, 8, 20",
        "end": "12, 146, 129"
    },
    {
        "name": "orange",
        "start": "173, 8, 15",
        "end": "190, 174, 51"
    },
    {
        "name": "pink",
        "start": "220, 105, 237",
        "end": "124, 239, 230"
    },
    {
        "name": "ryz",
        "start": "253, 100, 81",
        "end": "140, 5, 119"
    },
    {
        "name": "oct",
        "start": "108, 133, 187",
        "end": "10, 14, 57"
    },
    {
        "name": "oct2",
        "start": "148, 252, 251",
        "end": "227, 163, 46"
    },
    {
        "name": "oct3",
        "start": "82, 192, 224",
        "end": "114, 83, 252"
    },
    {
        "name": "oct's parrot",
        "start": "187, 166, 16",
        "end": "199, 81, 167"
    },
    {
        "name": "the comedy",
        "start": "1, 187, 198",
        "end": "172, 129, 63"
    },
    {
        "name": ":drool:",
        "start": "19, 179, 184",
        "end": "144, 174, 105"
    },
    {
        "name": "purpur",
        "start": "99, 63, 122",
        "end": "236, 19, 146"
    },
    {
        "name": "idk a name for it though",
        "start": "249, 100, 187",
        "end": "100, 151, 146"
    }
]